[{"id":"38x229172","equip_model":"BE220G","equipment_sl_no":"BE220G-17032","equi_desc":"BE220G - EXCAVATOR 4\/9","equip_category":"S","equip_war_terms":"C&M EQPT - 1800 Hrs OR 24 Months","eq_last_hmr":"51","eq_last_km_run":"","functional_loc":"ENRG PLANT UNIT (EPU), NAGROTA, J &amp; K","functional_loc_idofreference":"45x95013","functional_loc_Label":"ENRG PLANT UNIT (EPU), NAGROTA, J &amp; K","account_id":"INTEGRATED HQ OF MoD (ARMY)","account_id_idofreference":"11x136086","account_id_Label":"INTEGRATED HQ OF MoD (ARMY)","eq_run_war_st":"Outside Warranty","equipmentid":"229172","starred":"0"},{"id":"38x250313","equip_model":"BG605-I","equipment_sl_no":"BG605-I-22734","equi_desc":"MOTOR GRADER INTEGRATED","equip_category":"S","equip_war_terms":"C&M EQPT - 12 MONTHS OR 3000 HRS","eq_last_hmr":"20","eq_last_km_run":"","functional_loc":"SYED AKBAR  PASHA,ISLAM NAGAR MANVI RAIC","functional_loc_idofreference":"45x95024","functional_loc_Label":"SYED AKBAR  PASHA,ISLAM NAGAR MANVI RAIC","account_id":"Shri. Syed Akbar Pasha","account_id_idofreference":"11x143836","account_id_Label":"Shri. Syed Akbar Pasha","eq_run_war_st":"Outside Warranty","equipmentid":"250313","starred":"0"},{"id":"38x193564","equip_model":"BD50","equipment_sl_no":"BD50-G14230","equi_desc":"BD50 DOZER 1\/1","equip_category":"S","equip_war_terms":"C&M EQPT - 2500 Hrs OR 1 Year","eq_last_hmr":"3000","eq_last_km_run":"","functional_loc":"MUNICIPAL CORPORATION- RAJAMAHENDRAVARAM","functional_loc_idofreference":"45x95008","functional_loc_Label":"MUNICIPAL CORPORATION- RAJAMAHENDRAVARAM","account_id":"Municipal Corporation","account_id_idofreference":"11x143681","account_id_Label":"Municipal Corporation","eq_run_war_st":"Outside Warranty","equipmentid":"193564","starred":"0"},{"id":"38x254664","equip_model":"HUSCO","equipment_sl_no":"BG825-25120-CV-LH","equi_desc":"CONTROL VALVE ASSY LH","equip_category":"S","equip_war_terms":"","eq_last_hmr":"0","eq_last_km_run":"","functional_loc":"WCL,PADMAPUR EXTN DEEP,CHANDRAPUR AREA","functional_loc_idofreference":"45x94995","functional_loc_Label":"WCL,PADMAPUR EXTN DEEP,CHANDRAPUR AREA","account_id":"","account_id_idofreference":"","eq_run_war_st":"","equipmentid":"254664","starred":""},{"id":"38x254652","equip_model":"BG825","equipment_sl_no":"BG825-25120","equi_desc":"MOTOR GRADER","equip_category":"S","equip_war_terms":"C&M EQPT - 3000 Hrs OR 1 Year","eq_last_hmr":"998","eq_last_km_run":"","functional_loc":"WCL,PADMAPUR EXTN DEEP,CHANDRAPUR AREA","functional_loc_idofreference":"45x94995","functional_loc_Label":"WCL,PADMAPUR EXTN DEEP,CHANDRAPUR AREA","account_id":"WCL,  NAGPUR","account_id_idofreference":"11x139178","account_id_Label":"WCL,  NAGPUR","eq_run_war_st":"Outside Warranty","equipmentid":"254652","starred":""},{"id":"38x250367","equip_model":"BG605-I","equipment_sl_no":"BG605-I-22736","equi_desc":"MOTOR GRADER INTEGRATED","equip_category":"S","equip_war_terms":"C&M EQPT - 3000 Hrs OR 1 Year","eq_last_hmr":"320","eq_last_km_run":"","functional_loc":"DNS Construction Co.,Mahsana, Gujarat","functional_loc_idofreference":"45x95021","functional_loc_Label":"DNS Construction Co.,Mahsana, Gujarat","account_id":"DNS Construction Co.","account_id_idofreference":"11x143849","account_id_Label":"DNS Construction Co.","eq_run_war_st":"Outside Warranty","equipmentid":"250367","starred":""},{"id":"38x232395","equip_model":"BE300LC","equipment_sl_no":"BE300LC-16132","equi_desc":"BE300LC EXCAVATOR 1\/1","equip_category":"S","equip_war_terms":"Main Eqpt - 24 Months","eq_last_hmr":"442","eq_last_km_run":"","functional_loc":"RAIL WHEEL FACTORY, YELAHANKA, BANGALORE","functional_loc_idofreference":"45x95003","functional_loc_Label":"RAIL WHEEL FACTORY, YELAHANKA, BANGALORE","account_id":"CENTRAL ORGANISATION FOR","account_id_idofreference":"11x143397","account_id_Label":"CENTRAL ORGANISATION FOR","eq_run_war_st":"Outside Warranty","equipmentid":"232395","starred":""},{"id":"38x229333","equip_model":"BE220G","equipment_sl_no":"BE220G-17038","equi_desc":"BE220G - EXCAVATOR 9\/9","equip_category":"S","equip_war_terms":"C&M EQPT - 1800 Hrs OR 24 Months","eq_last_hmr":"34","eq_last_km_run":"","functional_loc":"ENRG PLANT UNIT (EPU), NAGROTA, J &amp; K","functional_loc_idofreference":"45x95013","functional_loc_Label":"ENRG PLANT UNIT (EPU), NAGROTA, J &amp; K","account_id":"INTEGRATED HQ OF MoD (ARMY)","account_id_idofreference":"11x136086","account_id_Label":"INTEGRATED HQ OF MoD (ARMY)","eq_run_war_st":"Outside Warranty","equipmentid":"229333","starred":""},{"id":"38x229279","equip_model":"BE220G","equipment_sl_no":"BE220G-17036","equi_desc":"BE220G - EXCAVATOR 7\/9","equip_category":"S","equip_war_terms":"C&M EQPT - 1800 Hrs OR 24 Months","eq_last_hmr":"99","eq_last_km_run":"","functional_loc":"ENRG PLANT UNIT (EPU), NAGROTA, J &amp; K","functional_loc_idofreference":"45x95013","functional_loc_Label":"ENRG PLANT UNIT (EPU), NAGROTA, J &amp; K","account_id":"INTEGRATED HQ OF MoD (ARMY)","account_id_idofreference":"11x136086","account_id_Label":"INTEGRATED HQ OF MoD (ARMY)","eq_run_war_st":"Outside Warranty","equipmentid":"229279","starred":""},{"id":"38x209580","equip_model":"BD80","equipment_sl_no":"BD80-G15592","equi_desc":"BD80 DOZER 20\/27","equip_category":"S","equip_war_terms":"C&M EQPT - 1800 Hrs OR 12 Months","eq_last_hmr":"9","eq_last_km_run":"","functional_loc":"OC, 51 RCC, GREF, SHAKTI ,LEH","functional_loc_idofreference":"45x95029","functional_loc_Label":"OC, 51 RCC, GREF, SHAKTI ,LEH","account_id":"DGBR, New Delhi","account_id_idofreference":"11x136006","account_id_Label":"DGBR, New Delhi","eq_run_war_st":"Outside Warranty","equipmentid":"209580","starred":""},{"id":"38x199898","equip_model":"BD65-1","equipment_sl_no":"BD65-1-B10287","equi_desc":"BD65-1 DOZER","equip_category":"S","equip_war_terms":"C&M EQPT - 3000 Hrs OR 1 Year","eq_last_hmr":"4631","eq_last_km_run":"","functional_loc":"Gayatri Kripa Mining &amp; Infra","functional_loc_idofreference":"45x95000","functional_loc_Label":"Gayatri Kripa Mining &amp; Infra","account_id":"Gayatri Kripa Mining &amp; Infra","account_id_idofreference":"11x143567","account_id_Label":"Gayatri Kripa Mining &amp; Infra","eq_run_war_st":"Outside Warranty","equipmentid":"199898","starred":""},{"id":"38x198840","equip_model":"BD65-1","equipment_sl_no":"BD65-1-B10233","equi_desc":"BD65-1 DOZER","equip_category":"S","equip_war_terms":"C&M EQPT - 3000 Hrs OR 1 Year","eq_last_hmr":"938","eq_last_km_run":"","functional_loc":"SHRI BHAGWAN PROJECT LTD,TATA STEEL LTD","functional_loc_idofreference":"45x94992","functional_loc_Label":"SHRI BHAGWAN PROJECT LTD,TATA STEEL LTD","account_id":"Shri Bhagwan Projects Pvt. Ltd.,","account_id_idofreference":"11x143298","account_id_Label":"Shri Bhagwan Projects Pvt. Ltd.,","eq_run_war_st":"Outside Warranty","equipmentid":"198840","starred":""},{"id":"38x125399","equip_model":"BD355","equipment_sl_no":"BD355-E12045","equi_desc":"BD355-DOZER(ELECTRONIC ENGINE)-4\/5","equip_category":"S","equip_war_terms":"C&M EQPT - 1 Year Std Warranty","eq_last_hmr":"1568","eq_last_km_run":"","functional_loc":"ENGR INCHARGE,LODNA,AREA-X, BCCL,DHANBAD","functional_loc_idofreference":"45x95016","functional_loc_Label":"ENGR INCHARGE,LODNA,AREA-X, BCCL,DHANBAD","account_id":"BCCL, DHANBAD","account_id_idofreference":"11x135547","account_id_Label":"BCCL, DHANBAD","eq_run_war_st":"Outside Warranty","equipmentid":"125399","starred":""},{"id":"38x112311","equip_model":"BD155","equipment_sl_no":"BD155-P13714","equi_desc":"BD155 DOZER- 21\/21","equip_category":"S","equip_war_terms":"C&M EQPT - 1 Year Std Warranty","eq_last_hmr":"3499","eq_last_km_run":"","functional_loc":"WCL,PADMAPUR EXTN DEEP,CHANDRAPUR AREA","functional_loc_idofreference":"45x94995","functional_loc_Label":"WCL,PADMAPUR EXTN DEEP,CHANDRAPUR AREA","account_id":"WCL,  NAGPUR","account_id_idofreference":"11x139178","account_id_Label":"WCL,  NAGPUR","eq_run_war_st":"Outside Warranty","equipmentid":"112311","starred":""},{"id":"38x112148","equip_model":"BD155","equipment_sl_no":"BD155-P13708","equi_desc":"BD155 DOZER- 19 \/21","equip_category":"S","equip_war_terms":"C&M EQPT - 1 Year Std Warranty","eq_last_hmr":"4383","eq_last_km_run":"","functional_loc":"WCL,PADMAPUR EXTN DEEP,CHANDRAPUR AREA","functional_loc_idofreference":"45x94995","functional_loc_Label":"WCL,PADMAPUR EXTN DEEP,CHANDRAPUR AREA","account_id":"WCL,  NAGPUR","account_id_idofreference":"11x139178","account_id_Label":"WCL,  NAGPUR","eq_run_war_st":"Outside Warranty","equipmentid":"112148","starred":""}]