[{"id":"60x622777","manual_equ_ser":"000000000010039713","deliveynotessapref":"0080074103","account_id":"RAJEH H.AL-MARRI&amp;SONS COMPANY","account_id_idofreference":"11x140428","account_id_Label":"RAJEH H.AL-MARRI&amp;SONS COMPANY","recieving_plant":"KGF-E M division","recieving_plant_idofreference":"51x143995","recieving_plant_Label":"KGF-E M division","account_idbill_city":"ABQIQ, SAUDI ARABIA","account_idbill_city_id":"140428","deliverynotesid":"622777","starred":"0"},{"id":"60x622867","manual_equ_ser":"BL9H-10560","deliveynotessapref":"0080786463","account_id":"Executive Engineer,WRD, DAPODI PUNE","account_id_idofreference":"11x141603","account_id_Label":"Executive Engineer,WRD, DAPODI PUNE","recieving_plant":"KGF-E M division","recieving_plant_idofreference":"51x143995","recieving_plant_Label":"KGF-E M division","account_idbill_city":"DAPODI, PUNE-2","account_idbill_city_id":"141603","deliverynotesid":"622867","starred":"0"},{"id":"60x622866","manual_equ_ser":"BL9H-10556","deliveynotessapref":"0080791428","account_id":"McNALLY BHARAT ENGINEERING COMPANY","account_id_idofreference":"11x141897","account_id_Label":"McNALLY BHARAT ENGINEERING COMPANY","recieving_plant":"KGF-E M division","recieving_plant_idofreference":"51x143995","recieving_plant_Label":"KGF-E M division","account_idbill_city":"KOLKATA","account_idbill_city_id":"141897","deliverynotesid":"622866","starred":"0"},{"id":"60x622865","manual_equ_ser":"BH35-9027","deliveynotessapref":"0080242828","account_id":"BHARTIA INFRA PROJECTS LTD","account_id_idofreference":"11x140535","account_id_Label":"BHARTIA INFRA PROJECTS LTD","recieving_plant":"Mysore - Truck Division","recieving_plant_idofreference":"51x144012","recieving_plant_Label":"Mysore - Truck Division","account_idbill_city":"GUWAHATI","account_idbill_city_id":"140535","deliverynotesid":"622865","starred":""},{"id":"60x622830","manual_equ_ser":"000000000010044540","deliveynotessapref":"0080192094","account_id":"531 SS &amp; TC (GREF)","account_id_idofreference":"11x135133","account_id_Label":"531 SS &amp; TC (GREF)","recieving_plant":"KGF-E M division","recieving_plant_idofreference":"51x143995","recieving_plant_Label":"KGF-E M division","account_idbill_city":"RISHIKESH","account_idbill_city_id":"135133","deliverynotesid":"622830","starred":""},{"id":"60x622859","manual_equ_ser":"000000000010112299","deliveynotessapref":"0080701251","account_id":"HCL, Malanjkhand","account_id_idofreference":"11x136479","account_id_Label":"HCL, Malanjkhand","recieving_plant":"Mysore - Truck Division","recieving_plant_idofreference":"51x144012","recieving_plant_Label":"Mysore - Truck Division","account_idbill_city":"Malanjkhand","account_idbill_city_id":"136479","deliverynotesid":"622859","starred":""},{"id":"60x622823","manual_equ_ser":"000000000010043519","deliveynotessapref":"0080108064","account_id":"AVTAR &amp; COMPANY","account_id_idofreference":"11x135451","account_id_Label":"AVTAR &amp; COMPANY","recieving_plant":"KGF-E M division","recieving_plant_idofreference":"51x143995","recieving_plant_Label":"KGF-E M division","account_idbill_city":"NAGPUR","account_idbill_city_id":"135451","deliverynotesid":"622823","starred":""},{"id":"60x622869","manual_equ_ser":"BL9H-10577","deliveynotessapref":"0080819052","account_id":"THE COMMISSIONER","account_id_idofreference":"11x142142","account_id_Label":"THE COMMISSIONER","recieving_plant":"KGF-E M division","recieving_plant_idofreference":"51x143995","recieving_plant_Label":"KGF-E M division","account_idbill_city":"YADGIR","account_idbill_city_id":"142142","deliverynotesid":"622869","starred":"0"},{"id":"60x622841","manual_equ_ser":"000000000010044634","deliveynotessapref":"0080120154","account_id":"The Executive Engineer,","account_id_idofreference":"11x140636","account_id_Label":"The Executive Engineer,","recieving_plant":"KGF-E M division","recieving_plant_idofreference":"51x143995","recieving_plant_Label":"KGF-E M division","account_idbill_city":"Dist Anjaw, PWD-II","account_idbill_city_id":"140636","deliverynotesid":"622841","starred":"0"},{"id":"60x622834","manual_equ_ser":"000000000010044548","deliveynotessapref":"0080192091","account_id":"507, SS &amp; TC (GREFF)","account_id_idofreference":"11x135128","account_id_Label":"507, SS &amp; TC (GREFF)","recieving_plant":"KGF-E M division","recieving_plant_idofreference":"51x143995","recieving_plant_Label":"KGF-E M division","account_idbill_city":"CHANDIGARH","account_idbill_city_id":"135128","deliverynotesid":"622834","starred":""},{"id":"60x622801","manual_equ_ser":"000000000010040923","deliveynotessapref":"0080083901","account_id":"MCL,HEAD QUARTERS","account_id_idofreference":"11x137348","account_id_Label":"MCL,HEAD QUARTERS","recieving_plant":"KGF-E M division","recieving_plant_idofreference":"51x143995","recieving_plant_Label":"KGF-E M division","account_idbill_city":"BURLA","account_idbill_city_id":"137348","deliverynotesid":"622801","starred":"0"},{"id":"60x622848","manual_equ_ser":"000000000010045180","deliveynotessapref":"0080117839","account_id":"SAIL - RMD","account_id_idofreference":"11x138298","account_id_Label":"SAIL - RMD","recieving_plant":"KGF-E M division","recieving_plant_idofreference":"51x143995","recieving_plant_Label":"KGF-E M division","account_idbill_city":"KOLKATA","account_idbill_city_id":"138298","deliverynotesid":"622848","starred":"0"},{"id":"60x622811","manual_equ_ser":"000000000010043497","deliveynotessapref":"0080101670","account_id":"RUBU CONSTRUCTION","account_id_idofreference":"11x140161","account_id_Label":"RUBU CONSTRUCTION","recieving_plant":"KGF-E M division","recieving_plant_idofreference":"51x143995","recieving_plant_Label":"KGF-E M division","account_idbill_city":"ITANAGAR","account_idbill_city_id":"140161","deliverynotesid":"622811","starred":""},{"id":"60x622796","manual_equ_ser":"000000000010040918","deliveynotessapref":"0080083894","account_id":"MCL,HEAD QUARTERS","account_id_idofreference":"11x137348","account_id_Label":"MCL,HEAD QUARTERS","recieving_plant":"KGF-E M division","recieving_plant_idofreference":"51x143995","recieving_plant_Label":"KGF-E M division","account_idbill_city":"BURLA","account_idbill_city_id":"137348","deliverynotesid":"622796","starred":""},{"id":"60x622855","manual_equ_ser":"000000000010051923","deliveynotessapref":"0080428366","account_id":"EASTERN COAL FIELDS LTD (ECL)","account_id_idofreference":"11x139506","account_id_Label":"EASTERN COAL FIELDS LTD (ECL)","recieving_plant":"KGF-E M division","recieving_plant_idofreference":"51x143995","recieving_plant_Label":"KGF-E M division","account_idbill_city":"WEST BENGAL","account_idbill_city_id":"139506","deliverynotesid":"622855","starred":""},{"id":"60x622802","manual_equ_ser":"000000000010040925","deliveynotessapref":"0080083945","account_id":"GALFAR ENGINEERING &amp; CONTRS IIC","account_id_idofreference":"11x136262","account_id_Label":"GALFAR ENGINEERING &amp; CONTRS IIC","recieving_plant":"KGF-E M division","recieving_plant_idofreference":"51x143995","recieving_plant_Label":"KGF-E M division","account_idbill_city":"","account_idbill_city_id":"136262","deliverynotesid":"622802","starred":"0"},{"id":"60x622769","manual_equ_ser":"000000000010039340","deliveynotessapref":"0080071775","account_id":"","account_id_idofreference":"","recieving_plant":"KGF-E M division","recieving_plant_idofreference":"51x143995","recieving_plant_Label":"KGF-E M division","account_idbill_city":"","account_idbill_city_id":"","deliverynotesid":"622769","starred":""},{"id":"60x622787","manual_equ_ser":"000000000010040856","deliveynotessapref":"0080083843","account_id":"","account_id_idofreference":"","recieving_plant":"KGF-E M division","recieving_plant_idofreference":"51x143995","recieving_plant_Label":"KGF-E M division","account_idbill_city":"","account_idbill_city_id":"","deliverynotesid":"622787","starred":""},{"id":"60x622781","manual_equ_ser":"000000000010039717","deliveynotessapref":"0080074126","account_id":"","account_id_idofreference":"","recieving_plant":"KGF-E M division","recieving_plant_idofreference":"51x143995","recieving_plant_Label":"KGF-E M division","account_idbill_city":"","account_idbill_city_id":"","deliverynotesid":"622781","starred":""},{"id":"60x622794","manual_equ_ser":"000000000010040916","deliveynotessapref":"0080083876","account_id":"NCL, SINGRAULI","account_id_idofreference":"11x137701","account_id_Label":"NCL, SINGRAULI","recieving_plant":"KGF-E M division","recieving_plant_idofreference":"51x143995","recieving_plant_Label":"KGF-E M division","account_idbill_city":"SINGRAULI","account_idbill_city_id":"137701","deliverynotesid":"622794","starred":""},{"id":"60x622775","manual_equ_ser":"000000000010039346","deliveynotessapref":"0080072286","account_id":"NCL, SINGRAULI","account_id_idofreference":"11x137701","account_id_Label":"NCL, SINGRAULI","recieving_plant":"KGF-E M division","recieving_plant_idofreference":"51x143995","recieving_plant_Label":"KGF-E M division","account_idbill_city":"SINGRAULI","account_idbill_city_id":"137701","deliverynotesid":"622775","starred":""},{"id":"60x622788","manual_equ_ser":"000000000010040857","deliveynotessapref":"0080083853","account_id":"","account_id_idofreference":"","recieving_plant":"KGF-E M division","recieving_plant_idofreference":"51x143995","recieving_plant_Label":"KGF-E M division","account_idbill_city":"","account_idbill_city_id":"","deliverynotesid":"622788","starred":""},{"id":"60x622782","manual_equ_ser":"000000000010039718","deliveynotessapref":"0080074127","account_id":"ECL, Sonepur Bazari Project","account_id_idofreference":"11x136167","account_id_Label":"ECL, Sonepur Bazari Project","recieving_plant":"KGF-E M division","recieving_plant_idofreference":"51x143995","recieving_plant_Label":"KGF-E M division","account_idbill_city":"Haripur","account_idbill_city_id":"136167","deliverynotesid":"622782","starred":""},{"id":"60x622795","manual_equ_ser":"000000000010040917","deliveynotessapref":"0080083880","account_id":"NCL, SINGRAULI","account_id_idofreference":"11x137701","account_id_Label":"NCL, SINGRAULI","recieving_plant":"KGF-E M division","recieving_plant_idofreference":"51x143995","recieving_plant_Label":"KGF-E M division","account_idbill_city":"SINGRAULI","account_idbill_city_id":"137701","deliverynotesid":"622795","starred":""},{"id":"60x622776","manual_equ_ser":"000000000010039712","deliveynotessapref":"0080074099","account_id":"RAJEH H.AL-MARRI&amp;SONS COMPANY","account_id_idofreference":"11x140428","account_id_Label":"RAJEH H.AL-MARRI&amp;SONS COMPANY","recieving_plant":"KGF-E M division","recieving_plant_idofreference":"51x143995","recieving_plant_Label":"KGF-E M division","account_idbill_city":"ABQIQ, SAUDI ARABIA","account_idbill_city_id":"140428","deliverynotesid":"622776","starred":""},{"id":"60x622789","manual_equ_ser":"000000000010040858","deliveynotessapref":"0080083854","account_id":"","account_id_idofreference":"","recieving_plant":"KGF-E M division","recieving_plant_idofreference":"51x143995","recieving_plant_Label":"KGF-E M division","account_idbill_city":"","account_idbill_city_id":"","deliverynotesid":"622789","starred":""},{"id":"60x622783","manual_equ_ser":"000000000010039725","deliveynotessapref":"0080074259","account_id":"RUBU CONSTRUCTION","account_id_idofreference":"11x140161","account_id_Label":"RUBU CONSTRUCTION","recieving_plant":"KGF-E M division","recieving_plant_idofreference":"51x143995","recieving_plant_Label":"KGF-E M division","account_idbill_city":"ITANAGAR","account_idbill_city_id":"140161","deliverynotesid":"622783","starred":""},{"id":"60x622790","manual_equ_ser":"000000000010040859","deliveynotessapref":"0080083856","account_id":"","account_id_idofreference":"","recieving_plant":"KGF-E M division","recieving_plant_idofreference":"51x143995","recieving_plant_Label":"KGF-E M division","account_idbill_city":"","account_idbill_city_id":"","deliverynotesid":"622790","starred":""},{"id":"60x622766","manual_equ_ser":"000000000010039296","deliveynotessapref":"0080071766","account_id":"","account_id_idofreference":"","recieving_plant":"KGF-E M division","recieving_plant_idofreference":"51x143995","recieving_plant_Label":"KGF-E M division","account_idbill_city":"","account_idbill_city_id":"","deliverynotesid":"622766","starred":""},{"id":"60x622803","manual_equ_ser":"000000000010040926","deliveynotessapref":"0080083946","account_id":"GALFAR ENGINEERING &amp; CONTRS IIC","account_id_idofreference":"11x136262","account_id_Label":"GALFAR ENGINEERING &amp; CONTRS IIC","recieving_plant":"KGF-E M division","recieving_plant_idofreference":"51x143995","recieving_plant_Label":"KGF-E M division","account_idbill_city":"","account_idbill_city_id":"136262","deliverynotesid":"622803","starred":""},{"id":"60x622784","manual_equ_ser":"000000000010039726","deliveynotessapref":"0080074262","account_id":"RUBU CONSTRUCTION","account_id_idofreference":"11x140161","account_id_Label":"RUBU CONSTRUCTION","recieving_plant":"KGF-E M division","recieving_plant_idofreference":"51x143995","recieving_plant_Label":"KGF-E M division","account_idbill_city":"ITANAGAR","account_idbill_city_id":"140161","deliverynotesid":"622784","starred":""},{"id":"60x622778","manual_equ_ser":"000000000010039714","deliveynotessapref":"0080074106","account_id":"RAJEH H.AL-MARRI&amp;SONS COMPANY","account_id_idofreference":"11x140428","account_id_Label":"RAJEH H.AL-MARRI&amp;SONS COMPANY","recieving_plant":"KGF-E M division","recieving_plant_idofreference":"51x143995","recieving_plant_Label":"KGF-E M division","account_idbill_city":"ABQIQ, SAUDI ARABIA","account_idbill_city_id":"140428","deliverynotesid":"622778","starred":""},{"id":"60x622791","manual_equ_ser":"000000000010040860","deliveynotessapref":"0080083857","account_id":"","account_id_idofreference":"","recieving_plant":"KGF-E M division","recieving_plant_idofreference":"51x143995","recieving_plant_Label":"KGF-E M division","account_idbill_city":"","account_idbill_city_id":"","deliverynotesid":"622791","starred":""},{"id":"60x622767","manual_equ_ser":"000000000010039297","deliveynotessapref":"0080071767","account_id":"","account_id_idofreference":"","recieving_plant":"KGF-E M division","recieving_plant_idofreference":"51x143995","recieving_plant_Label":"KGF-E M division","account_idbill_city":"","account_idbill_city_id":"","deliverynotesid":"622767","starred":""},{"id":"60x622804","manual_equ_ser":"000000000010040977","deliveynotessapref":"0080086270","account_id":"","account_id_idofreference":"","recieving_plant":"KGF-E M division","recieving_plant_idofreference":"51x143995","recieving_plant_Label":"KGF-E M division","account_idbill_city":"","account_idbill_city_id":"","deliverynotesid":"622804","starred":""},{"id":"60x622785","manual_equ_ser":"000000000010040772","deliveynotessapref":"0080083927","account_id":"","account_id_idofreference":"","recieving_plant":"KGF-E M division","recieving_plant_idofreference":"51x143995","recieving_plant_Label":"KGF-E M division","account_idbill_city":"","account_idbill_city_id":"","deliverynotesid":"622785","starred":""},{"id":"60x622779","manual_equ_ser":"000000000010039715","deliveynotessapref":"0080074110","account_id":"RAJEH H.AL-MARRI&amp;SONS COMPANY","account_id_idofreference":"11x140428","account_id_Label":"RAJEH H.AL-MARRI&amp;SONS COMPANY","recieving_plant":"KGF-E M division","recieving_plant_idofreference":"51x143995","recieving_plant_Label":"KGF-E M division","account_idbill_city":"ABQIQ, SAUDI ARABIA","account_idbill_city_id":"140428","deliverynotesid":"622779","starred":""},{"id":"60x622792","manual_equ_ser":"000000000010040861","deliveynotessapref":"0080083860","account_id":"","account_id_idofreference":"","recieving_plant":"KGF-E M division","recieving_plant_idofreference":"51x143995","recieving_plant_Label":"KGF-E M division","account_idbill_city":"","account_idbill_city_id":"","deliverynotesid":"622792","starred":""},{"id":"60x622768","manual_equ_ser":"000000000010039298","deliveynotessapref":"0080071770","account_id":"","account_id_idofreference":"","recieving_plant":"KGF-E M division","recieving_plant_idofreference":"51x143995","recieving_plant_Label":"KGF-E M division","account_idbill_city":"","account_idbill_city_id":"","deliverynotesid":"622768","starred":""},{"id":"60x622805","manual_equ_ser":"000000000010040978","deliveynotessapref":"0080086288","account_id":"","account_id_idofreference":"","recieving_plant":"KGF-E M division","recieving_plant_idofreference":"51x143995","recieving_plant_Label":"KGF-E M division","account_idbill_city":"","account_idbill_city_id":"","deliverynotesid":"622805","starred":""},{"id":"60x622786","manual_equ_ser":"000000000010040855","deliveynotessapref":"0080083468","account_id":"","account_id_idofreference":"","recieving_plant":"KGF-E M division","recieving_plant_idofreference":"51x143995","recieving_plant_Label":"KGF-E M division","account_idbill_city":"","account_idbill_city_id":"","deliverynotesid":"622786","starred":""},{"id":"60x622780","manual_equ_ser":"000000000010039716","deliveynotessapref":"0080074112","account_id":"RAJEH H.AL-MARRI&amp;SONS COMPANY","account_id_idofreference":"11x140428","account_id_Label":"RAJEH H.AL-MARRI&amp;SONS COMPANY","recieving_plant":"KGF-E M division","recieving_plant_idofreference":"51x143995","recieving_plant_Label":"KGF-E M division","account_idbill_city":"ABQIQ, SAUDI ARABIA","account_idbill_city_id":"140428","deliverynotesid":"622780","starred":""},{"id":"60x622793","manual_equ_ser":"000000000010040863","deliveynotessapref":"0080083930","account_id":"","account_id_idofreference":"","recieving_plant":"KGF-E M division","recieving_plant_idofreference":"51x143995","recieving_plant_Label":"KGF-E M division","account_idbill_city":"","account_idbill_city_id":"","deliverynotesid":"622793","starred":""},{"id":"60x622863","manual_equ_ser":"BE240HD-10007","deliveynotessapref":"0080624795","account_id":"SHREE RAM GRANIMARMO PVT. LTD.","account_id_idofreference":"11x138539","account_id_Label":"SHREE RAM GRANIMARMO PVT. LTD.","recieving_plant":"KGF-E M division","recieving_plant_idofreference":"51x143995","recieving_plant_Label":"KGF-E M division","account_idbill_city":"JALORE","account_idbill_city_id":"138539","deliverynotesid":"622863","starred":""},{"id":"60x622806","manual_equ_ser":"000000000010040979","deliveynotessapref":"0080086291","account_id":"","account_id_idofreference":"","recieving_plant":"KGF-E M division","recieving_plant_idofreference":"51x143995","recieving_plant_Label":"KGF-E M division","account_idbill_city":"","account_idbill_city_id":"","deliverynotesid":"622806","starred":""},{"id":"60x622844","manual_equ_ser":"000000000010044700","deliveynotessapref":"0080112479","account_id":"NLC LTD.","account_id_idofreference":"11x137759","account_id_Label":"NLC LTD.","recieving_plant":"KGF-E M division","recieving_plant_idofreference":"51x143995","recieving_plant_Label":"KGF-E M division","account_idbill_city":"","account_idbill_city_id":"137759","deliverynotesid":"622844","starred":""},{"id":"60x622819","manual_equ_ser":"000000000010043513","deliveynotessapref":"0080108628","account_id":"","account_id_idofreference":"","recieving_plant":"KGF-E M division","recieving_plant_idofreference":"51x143995","recieving_plant_Label":"KGF-E M division","account_idbill_city":"","account_idbill_city_id":"","deliverynotesid":"622819","starred":""},{"id":"60x622857","manual_equ_ser":"000000000010055097","deliveynotessapref":"0080221769","account_id":"Ramendra Garain","account_id_idofreference":"11x140823","account_id_Label":"Ramendra Garain","recieving_plant":"Dhanbad-Depot","recieving_plant_idofreference":"51x143966","recieving_plant_Label":"Dhanbad-Depot","account_idbill_city":"PO: Poddadih, P.S:Nirsha","account_idbill_city_id":"140823","deliverynotesid":"622857","starred":""},{"id":"60x622800","manual_equ_ser":"000000000010040922","deliveynotessapref":"0080083900","account_id":"MCL,HEAD QUARTERS","account_id_idofreference":"11x137348","account_id_Label":"MCL,HEAD QUARTERS","recieving_plant":"KGF-E M division","recieving_plant_idofreference":"51x143995","recieving_plant_Label":"KGF-E M division","account_idbill_city":"BURLA","account_idbill_city_id":"137348","deliverynotesid":"622800","starred":""},{"id":"60x622838","manual_equ_ser":"000000000010044566","deliveynotessapref":"0080243604","account_id":"","account_id_idofreference":"","recieving_plant":"KGF-E M division","recieving_plant_idofreference":"51x143995","recieving_plant_Label":"KGF-E M division","account_idbill_city":"","account_idbill_city_id":"","deliverynotesid":"622838","starred":""},{"id":"60x622870","manual_equ_ser":"TR20TON-20T10081","deliveynotessapref":"0081693457","account_id":"","account_id_idofreference":"","recieving_plant":"KGF-E M division","recieving_plant_idofreference":"51x143995","recieving_plant_Label":"KGF-E M division","account_idbill_city":"","account_idbill_city_id":"","deliverynotesid":"622870","starred":""},{"id":"60x622813","manual_equ_ser":"000000000010043505","deliveynotessapref":"0080110866","account_id":"Torrent Power Limited","account_id_idofreference":"11x138944","account_id_Label":"Torrent Power Limited","recieving_plant":"KGF-E M division","recieving_plant_idofreference":"51x143995","recieving_plant_Label":"KGF-E M division","account_idbill_city":"Ahmedabad","account_idbill_city_id":"138944","deliverynotesid":"622813","starred":""},{"id":"60x622826","manual_equ_ser":"000000000010044533","deliveynotessapref":"0080192535","account_id":"","account_id_idofreference":"","recieving_plant":"KGF-E M division","recieving_plant_idofreference":"51x143995","recieving_plant_Label":"KGF-E M division","account_idbill_city":"","account_idbill_city_id":"","deliverynotesid":"622826","starred":""},{"id":"60x622851","manual_equ_ser":"000000000010046596","deliveynotessapref":"0080134278","account_id":"","account_id_idofreference":"","recieving_plant":"KGF-E M division","recieving_plant_idofreference":"51x143995","recieving_plant_Label":"KGF-E M division","account_idbill_city":"","account_idbill_city_id":"","deliverynotesid":"622851","starred":""},{"id":"60x622832","manual_equ_ser":"000000000010044542","deliveynotessapref":"0080192096","account_id":"532 SS &amp; TC, SILIGURI","account_id_idofreference":"11x135134","account_id_Label":"532 SS &amp; TC, SILIGURI","recieving_plant":"KGF-E M division","recieving_plant_idofreference":"51x143995","recieving_plant_Label":"KGF-E M division","account_idbill_city":"SILIGURI","account_idbill_city_id":"135134","deliverynotesid":"622832","starred":""},{"id":"60x622864","manual_equ_ser":"BG605-6590","deliveynotessapref":"0080242835","account_id":"","account_id_idofreference":"","recieving_plant":"Mysore - Truck Division","recieving_plant_idofreference":"51x144012","recieving_plant_Label":"Mysore - Truck Division","account_idbill_city":"","account_idbill_city_id":"","deliverynotesid":"622864","starred":""},{"id":"60x622807","manual_equ_ser":"000000000010040980","deliveynotessapref":"0080086294","account_id":"","account_id_idofreference":"","recieving_plant":"KGF-E M division","recieving_plant_idofreference":"51x143995","recieving_plant_Label":"KGF-E M division","account_idbill_city":"","account_idbill_city_id":"","deliverynotesid":"622807","starred":""},{"id":"60x622845","manual_equ_ser":"000000000010045024","deliveynotessapref":"0080114385","account_id":"NTPC\/ SSTPP \/ SEEPAT","account_id_idofreference":"11x137824","account_id_Label":"NTPC\/ SSTPP \/ SEEPAT","recieving_plant":"KGF-E M division","recieving_plant_idofreference":"51x143995","recieving_plant_Label":"KGF-E M division","account_idbill_city":"SIPAT","account_idbill_city_id":"137824","deliverynotesid":"622845","starred":""},{"id":"60x622820","manual_equ_ser":"000000000010043516","deliveynotessapref":"0080109237","account_id":"","account_id_idofreference":"","recieving_plant":"KGF-E M division","recieving_plant_idofreference":"51x143995","recieving_plant_Label":"KGF-E M division","account_idbill_city":"","account_idbill_city_id":"","deliverynotesid":"622820","starred":""},{"id":"60x622858","manual_equ_ser":"000000000010112298","deliveynotessapref":"0080701312","account_id":"HCL, Malanjkhand","account_id_idofreference":"11x136479","account_id_Label":"HCL, Malanjkhand","recieving_plant":"Mysore - Truck Division","recieving_plant_idofreference":"51x144012","recieving_plant_Label":"Mysore - Truck Division","account_idbill_city":"Malanjkhand","account_idbill_city_id":"136479","deliverynotesid":"622858","starred":""},{"id":"60x622839","manual_equ_ser":"000000000010044567","deliveynotessapref":"0080243557","account_id":"","account_id_idofreference":"","recieving_plant":"KGF-E M division","recieving_plant_idofreference":"51x143995","recieving_plant_Label":"KGF-E M division","account_idbill_city":"","account_idbill_city_id":"","deliverynotesid":"622839","starred":""},{"id":"60x622814","manual_equ_ser":"000000000010043507","deliveynotessapref":"0080109156","account_id":"","account_id_idofreference":"","recieving_plant":"KGF-E M division","recieving_plant_idofreference":"51x143995","recieving_plant_Label":"KGF-E M division","account_idbill_city":"","account_idbill_city_id":"","deliverynotesid":"622814","starred":""},{"id":"60x622827","manual_equ_ser":"000000000010044535","deliveynotessapref":"0080192099","account_id":"","account_id_idofreference":"","recieving_plant":"KGF-E M division","recieving_plant_idofreference":"51x143995","recieving_plant_Label":"KGF-E M division","account_idbill_city":"","account_idbill_city_id":"","deliverynotesid":"622827","starred":""},{"id":"60x622852","manual_equ_ser":"000000000010046597","deliveynotessapref":"0080134281","account_id":"","account_id_idofreference":"","recieving_plant":"KGF-E M division","recieving_plant_idofreference":"51x143995","recieving_plant_Label":"KGF-E M division","account_idbill_city":"","account_idbill_city_id":"","deliverynotesid":"622852","starred":""},{"id":"60x622833","manual_equ_ser":"000000000010044546","deliveynotessapref":"0080192090","account_id":"507, SS &amp; TC (GREFF)","account_id_idofreference":"11x135128","account_id_Label":"507, SS &amp; TC (GREFF)","recieving_plant":"KGF-E M division","recieving_plant_idofreference":"51x143995","recieving_plant_Label":"KGF-E M division","account_idbill_city":"CHANDIGARH","account_idbill_city_id":"135128","deliverynotesid":"622833","starred":""},{"id":"60x622808","manual_equ_ser":"000000000010040982","deliveynotessapref":"0080083932","account_id":"AVTAR &amp; COMPANY","account_id_idofreference":"11x135451","account_id_Label":"AVTAR &amp; COMPANY","recieving_plant":"KGF-E M division","recieving_plant_idofreference":"51x143995","recieving_plant_Label":"KGF-E M division","account_idbill_city":"NAGPUR","account_idbill_city_id":"135451","deliverynotesid":"622808","starred":""},{"id":"60x622846","manual_equ_ser":"000000000010045178","deliveynotessapref":"0080117836","account_id":"SAIL - RMD","account_id_idofreference":"11x138298","account_id_Label":"SAIL - RMD","recieving_plant":"KGF-E M division","recieving_plant_idofreference":"51x143995","recieving_plant_Label":"KGF-E M division","account_idbill_city":"KOLKATA","account_idbill_city_id":"138298","deliverynotesid":"622846","starred":""},{"id":"60x622821","manual_equ_ser":"000000000010043517","deliveynotessapref":"0080107980","account_id":"","account_id_idofreference":"","recieving_plant":"KGF-E M division","recieving_plant_idofreference":"51x143995","recieving_plant_Label":"KGF-E M division","account_idbill_city":"","account_idbill_city_id":"","deliverynotesid":"622821","starred":""},{"id":"60x622840","manual_equ_ser":"000000000010044570","deliveynotessapref":"0080243564","account_id":"","account_id_idofreference":"","recieving_plant":"KGF-E M division","recieving_plant_idofreference":"51x143995","recieving_plant_Label":"KGF-E M division","account_idbill_city":"","account_idbill_city_id":"","deliverynotesid":"622840","starred":""},{"id":"60x622815","manual_equ_ser":"000000000010043508","deliveynotessapref":"0080108633","account_id":"","account_id_idofreference":"","recieving_plant":"KGF-E M division","recieving_plant_idofreference":"51x143995","recieving_plant_Label":"KGF-E M division","account_idbill_city":"","account_idbill_city_id":"","deliverynotesid":"622815","starred":""},{"id":"60x622828","manual_equ_ser":"000000000010044536","deliveynotessapref":"0080192097","account_id":"","account_id_idofreference":"","recieving_plant":"KGF-E M division","recieving_plant_idofreference":"51x143995","recieving_plant_Label":"KGF-E M division","account_idbill_city":"","account_idbill_city_id":"","deliverynotesid":"622828","starred":""},{"id":"60x622853","manual_equ_ser":"000000000010046598","deliveynotessapref":"0080134282","account_id":"","account_id_idofreference":"","recieving_plant":"KGF-E M division","recieving_plant_idofreference":"51x143995","recieving_plant_Label":"KGF-E M division","account_idbill_city":"","account_idbill_city_id":"","deliverynotesid":"622853","starred":""},{"id":"60x622809","manual_equ_ser":"000000000010041133","deliveynotessapref":"0080114844","account_id":"GARDEN REACH SHIPBUILDERS ENGG","account_id_idofreference":"11x139517","account_id_Label":"GARDEN REACH SHIPBUILDERS ENGG","recieving_plant":"KGF-E M division","recieving_plant_idofreference":"51x143995","recieving_plant_Label":"KGF-E M division","account_idbill_city":"","account_idbill_city_id":"139517","deliverynotesid":"622809","starred":""},{"id":"60x622847","manual_equ_ser":"000000000010045179","deliveynotessapref":"0080117838","account_id":"SAIL - RMD","account_id_idofreference":"11x138298","account_id_Label":"SAIL - RMD","recieving_plant":"KGF-E M division","recieving_plant_idofreference":"51x143995","recieving_plant_Label":"KGF-E M division","account_idbill_city":"KOLKATA","account_idbill_city_id":"138298","deliverynotesid":"622847","starred":""},{"id":"60x622822","manual_equ_ser":"000000000010043518","deliveynotessapref":"0080124231","account_id":"AVTAR &amp; COMPANY","account_id_idofreference":"11x135451","account_id_Label":"AVTAR &amp; COMPANY","recieving_plant":"KGF-E M division","recieving_plant_idofreference":"51x143995","recieving_plant_Label":"KGF-E M division","account_idbill_city":"NAGPUR","account_idbill_city_id":"135451","deliverynotesid":"622822","starred":""},{"id":"60x622860","manual_equ_ser":"000000000010128310","deliveynotessapref":"0080869402","account_id":"TOSH GENERAL TRADING LLC","account_id_idofreference":"11x141539","account_id_Label":"TOSH GENERAL TRADING LLC","recieving_plant":"Mysore - Truck Division","recieving_plant_idofreference":"51x144012","recieving_plant_Label":"Mysore - Truck Division","account_idbill_city":"DUBAI","account_idbill_city_id":"141539","deliverynotesid":"622860","starred":""},{"id":"60x622816","manual_equ_ser":"000000000010043509","deliveynotessapref":"0080108632","account_id":"","account_id_idofreference":"","recieving_plant":"KGF-E M division","recieving_plant_idofreference":"51x143995","recieving_plant_Label":"KGF-E M division","account_idbill_city":"","account_idbill_city_id":"","deliverynotesid":"622816","starred":""},{"id":"60x622797","manual_equ_ser":"000000000010040919","deliveynotessapref":"0080083895","account_id":"MCL,HEAD QUARTERS","account_id_idofreference":"11x137348","account_id_Label":"MCL,HEAD QUARTERS","recieving_plant":"KGF-E M division","recieving_plant_idofreference":"51x143995","recieving_plant_Label":"KGF-E M division","account_idbill_city":"BURLA","account_idbill_city_id":"137348","deliverynotesid":"622797","starred":""},{"id":"60x622829","manual_equ_ser":"000000000010044539","deliveynotessapref":"0080192092","account_id":"","account_id_idofreference":"","recieving_plant":"KGF-E M division","recieving_plant_idofreference":"51x143995","recieving_plant_Label":"KGF-E M division","account_idbill_city":"","account_idbill_city_id":"","deliverynotesid":"622829","starred":""},{"id":"60x622854","manual_equ_ser":"000000000010046599","deliveynotessapref":"0080151243","account_id":"NLC NEYVELI","account_id_idofreference":"11x139400","account_id_Label":"NLC NEYVELI","recieving_plant":"KGF-E M division","recieving_plant_idofreference":"51x143995","recieving_plant_Label":"KGF-E M division","account_idbill_city":"DIST.CUDDALORE","account_idbill_city_id":"139400","deliverynotesid":"622854","starred":""},{"id":"60x622835","manual_equ_ser":"000000000010044557","deliveynotessapref":"0080243543","account_id":"","account_id_idofreference":"","recieving_plant":"KGF-E M division","recieving_plant_idofreference":"51x143995","recieving_plant_Label":"KGF-E M division","account_idbill_city":"","account_idbill_city_id":"","deliverynotesid":"622835","starred":""},{"id":"60x622810","manual_equ_ser":"000000000010041280","deliveynotessapref":"0080084241","account_id":"MSEB BOMBAY","account_id_idofreference":"11x137447","account_id_Label":"MSEB BOMBAY","recieving_plant":"KGF-E M division","recieving_plant_idofreference":"51x143995","recieving_plant_Label":"KGF-E M division","account_idbill_city":"","account_idbill_city_id":"137447","deliverynotesid":"622810","starred":""},{"id":"60x622861","manual_equ_ser":"000000000010128311","deliveynotessapref":"0080869406","account_id":"TOSH GENERAL TRADING LLC","account_id_idofreference":"11x141539","account_id_Label":"TOSH GENERAL TRADING LLC","recieving_plant":"Mysore - Truck Division","recieving_plant_idofreference":"51x144012","recieving_plant_Label":"Mysore - Truck Division","account_idbill_city":"DUBAI","account_idbill_city_id":"141539","deliverynotesid":"622861","starred":""},{"id":"60x622842","manual_equ_ser":"000000000010044698","deliveynotessapref":"0080112471","account_id":"NLC LTD.","account_id_idofreference":"11x137759","account_id_Label":"NLC LTD.","recieving_plant":"KGF-E M division","recieving_plant_idofreference":"51x143995","recieving_plant_Label":"KGF-E M division","account_idbill_city":"","account_idbill_city_id":"137759","deliverynotesid":"622842","starred":""},{"id":"60x622817","manual_equ_ser":"000000000010043510","deliveynotessapref":"0080109260","account_id":"","account_id_idofreference":"","recieving_plant":"KGF-E M division","recieving_plant_idofreference":"51x143995","recieving_plant_Label":"KGF-E M division","account_idbill_city":"","account_idbill_city_id":"","deliverynotesid":"622817","starred":""},{"id":"60x622798","manual_equ_ser":"000000000010040920","deliveynotessapref":"0080083896","account_id":"MCL,HEAD QUARTERS","account_id_idofreference":"11x137348","account_id_Label":"MCL,HEAD QUARTERS","recieving_plant":"KGF-E M division","recieving_plant_idofreference":"51x143995","recieving_plant_Label":"KGF-E M division","account_idbill_city":"BURLA","account_idbill_city_id":"137348","deliverynotesid":"622798","starred":""},{"id":"60x622836","manual_equ_ser":"000000000010044561","deliveynotessapref":"0080243549","account_id":"","account_id_idofreference":"","recieving_plant":"KGF-E M division","recieving_plant_idofreference":"51x143995","recieving_plant_Label":"KGF-E M division","account_idbill_city":"","account_idbill_city_id":"","deliverynotesid":"622836","starred":""},{"id":"60x622868","manual_equ_ser":"BL9H-10561","deliveynotessapref":"0080786474","account_id":"Executive Engineer,WRD, DAPODI PUNE","account_id_idofreference":"11x141603","account_id_Label":"Executive Engineer,WRD, DAPODI PUNE","recieving_plant":"KGF-E M division","recieving_plant_idofreference":"51x143995","recieving_plant_Label":"KGF-E M division","account_idbill_city":"DAPODI, PUNE-2","account_idbill_city_id":"141603","deliverynotesid":"622868","starred":"0"},{"id":"60x622824","manual_equ_ser":"000000000010043520","deliveynotessapref":"0080114501","account_id":"NEEPCO LTD.,DHEP, DOYANG","account_id_idofreference":"11x137717","account_id_Label":"NEEPCO LTD.,DHEP, DOYANG","recieving_plant":"KGF-E M division","recieving_plant_idofreference":"51x143995","recieving_plant_Label":"KGF-E M division","account_idbill_city":"DOYANG","account_idbill_city_id":"137717","deliverynotesid":"622824","starred":""},{"id":"60x622849","manual_equ_ser":"000000000010045181","deliveynotessapref":"0080117843","account_id":"SAIL - RMD","account_id_idofreference":"11x138298","account_id_Label":"SAIL - RMD","recieving_plant":"KGF-E M division","recieving_plant_idofreference":"51x143995","recieving_plant_Label":"KGF-E M division","account_idbill_city":"KOLKATA","account_idbill_city_id":"138298","deliverynotesid":"622849","starred":""},{"id":"60x622862","manual_equ_ser":"BE1000-1-10127","deliveynotessapref":"0080722870","account_id":"","account_id_idofreference":"","recieving_plant":"KGF-E M division","recieving_plant_idofreference":"51x143995","recieving_plant_Label":"KGF-E M division","account_idbill_city":"","account_idbill_city_id":"","deliverynotesid":"622862","starred":""},{"id":"60x622843","manual_equ_ser":"000000000010044699","deliveynotessapref":"0080112476","account_id":"NLC LTD.","account_id_idofreference":"11x137759","account_id_Label":"NLC LTD.","recieving_plant":"KGF-E M division","recieving_plant_idofreference":"51x143995","recieving_plant_Label":"KGF-E M division","account_idbill_city":"","account_idbill_city_id":"137759","deliverynotesid":"622843","starred":""},{"id":"60x622818","manual_equ_ser":"000000000010043511","deliveynotessapref":"0080108626","account_id":"","account_id_idofreference":"","recieving_plant":"KGF-E M division","recieving_plant_idofreference":"51x143995","recieving_plant_Label":"KGF-E M division","account_idbill_city":"","account_idbill_city_id":"","deliverynotesid":"622818","starred":""},{"id":"60x622856","manual_equ_ser":"000000000010053335","deliveynotessapref":"0080200085","account_id":"SURENDER SINGH CHHATWAL &amp; CO.","account_id_idofreference":"11x138743","account_id_Label":"SURENDER SINGH CHHATWAL &amp; CO.","recieving_plant":"KGF-E M division","recieving_plant_idofreference":"51x143995","recieving_plant_Label":"KGF-E M division","account_idbill_city":"KORBA","account_idbill_city_id":"138743","deliverynotesid":"622856","starred":""},{"id":"60x622799","manual_equ_ser":"000000000010040921","deliveynotessapref":"0080094563","account_id":"MCL,HEAD QUARTERS","account_id_idofreference":"11x137348","account_id_Label":"MCL,HEAD QUARTERS","recieving_plant":"KGF-E M division","recieving_plant_idofreference":"51x143995","recieving_plant_Label":"KGF-E M division","account_idbill_city":"BURLA","account_idbill_city_id":"137348","deliverynotesid":"622799","starred":""},{"id":"60x622831","manual_equ_ser":"000000000010044541","deliveynotessapref":"0080192532","account_id":"","account_id_idofreference":"","recieving_plant":"KGF-E M division","recieving_plant_idofreference":"51x143995","recieving_plant_Label":"KGF-E M division","account_idbill_city":"","account_idbill_city_id":"","deliverynotesid":"622831","starred":""},{"id":"60x622837","manual_equ_ser":"000000000010044563","deliveynotessapref":"0080243608","account_id":"","account_id_idofreference":"","recieving_plant":"KGF-E M division","recieving_plant_idofreference":"51x143995","recieving_plant_Label":"KGF-E M division","account_idbill_city":"","account_idbill_city_id":"","deliverynotesid":"622837","starred":""},{"id":"60x622812","manual_equ_ser":"000000000010043504","deliveynotessapref":"0080110868","account_id":"","account_id_idofreference":"","recieving_plant":"KGF-E M division","recieving_plant_idofreference":"51x143995","recieving_plant_Label":"KGF-E M division","account_idbill_city":"","account_idbill_city_id":"","deliverynotesid":"622812","starred":""},{"id":"60x622825","manual_equ_ser":"000000000010043521","deliveynotessapref":"0080124537","account_id":"RUBU CONSTRUCTION","account_id_idofreference":"11x140161","account_id_Label":"RUBU CONSTRUCTION","recieving_plant":"KGF-E M division","recieving_plant_idofreference":"51x143995","recieving_plant_Label":"KGF-E M division","account_idbill_city":"ITANAGAR","account_idbill_city_id":"140161","deliverynotesid":"622825","starred":""},{"id":"60x622850","manual_equ_ser":"000000000010046595","deliveynotessapref":"0080134277","account_id":"","account_id_idofreference":"","recieving_plant":"KGF-E M division","recieving_plant_idofreference":"51x143995","recieving_plant_Label":"KGF-E M division","account_idbill_city":"","account_idbill_city_id":"","deliverynotesid":"622850","starred":""}]