[{"id":"38x200662","equip_model":"BD65-1","equipment_sl_no":"BD65-1-B10328","equi_desc":"BD65 DOZER 1\/1","equip_category":"S","equip_war_terms":"C&M EQPT - 3000 Hrs OR 1 Year","eq_last_hmr":"12000","eq_last_km_run":"","functional_loc":"HARI RAM GODARA,KALGAON OCM,WANI AREA,MH","functional_loc_idofreference":"45x95015","functional_loc_Label":"HARI RAM GODARA,KALGAON OCM,WANI AREA,MH","account_id":"HARI RAM GODARA","account_id_idofreference":"11x143785","account_id_Label":"HARI RAM GODARA","eq_run_war_st":"Outside Warranty","equipmentid":"200662","starred":"0"}]