[{"id":64153,"productname":"TESTSTR4","plant_name":"42618","description":"test material for strategy 40","productid":"64153","starred":""},{"id":64162,"productname":"TEST-ROP25","plant_name":"42603","description":"TEST-ROP25","productid":"64162","starred":""},{"id":64163,"productname":"TEST-ROP19","plant_name":"42603","description":"TEST-ROP19","productid":"64163","starred":""},{"id":64176,"productname":"LABOUR_LOGISTICS","plant_name":"42579","description":"Labour logistic updated","productid":"64176","starred":""},{"id":64177,"productname":"LABOUR_LOGISTICS1","plant_name":"42554","description":"ZZZ-BOGIE COMPLETE_test_serial_no","productid":"64177","starred":""},{"id":64175,"productname":"LABOUR_LOGIS","plant_name":"42547","description":"Labour \/ Logistics Charges \/ Month\/ EQUI","productid":"64175","starred":""},{"id":64063,"productname":"TEST-NLAG","plant_name":"42547","description":"xcgfsdh","productid":"64063","starred":""},{"id":64018,"productname":"TESTSTO","plant_name":"42547","description":"Test sto equip","productid":"64018","starred":""},{"id":63991,"productname":"SDTESTMAT","plant_name":"42547","description":"TEST MATERIAL","productid":"63991","starred":""},{"id":63850,"productname":"HRPA15","plant_name":"42547","description":"DIFFERENTAIL ASSY - BH85-1 Dump Truck","productid":"63850","starred":""},{"id":63800,"productname":"RCRM02","plant_name":"42547","description":"Raw material2 for RC","productid":"63800","starred":""},{"id":63801,"productname":"RCRM03","plant_name":"42547","description":"Raw material1 for RC","productid":"63801","starred":""},{"id":63799,"productname":"RCRM01","plant_name":"42547","description":"Raw material1 for RC","productid":"63799","starred":""},{"id":63729,"productname":"COST_HOUR","plant_name":"42547","description":"DIP Settings","productid":"63729","starred":""},{"id":63730,"productname":"CPH","plant_name":"42547","description":"Cost \/ Hour Available Hours \/ Equipment","productid":"63730","starred":""},{"id":63731,"productname":"CPH_AC","plant_name":"42547","description":"CPH FOR AC","productid":"63731","starred":""},{"id":63583,"productname":"WOODEN BOX","plant_name":"42547","description":"Wooden Box for Packing","productid":"63583","starred":""},{"id":63553,"productname":"Z111","plant_name":"42547","description":"TEST","productid":"63553","starred":""},{"id":63392,"productname":"TRACKSHOE-FOC","plant_name":"42547","description":"TRACK SHOE ASSEMBLY -Foc","productid":"63392","starred":""},{"id":63378,"productname":"DUMPER","plant_name":"42547","description":"BEML Dumper","productid":"63378","starred":""},{"id":63238,"productname":"DOZER1","plant_name":"42547","description":"Dozer1","productid":"63238","starred":""},{"id":63048,"productname":"TEST1","plant_name":"42547","description":"test material","productid":"63048","starred":""},{"id":62994,"productname":"ENGINE_REPAIR","plant_name":"42547","description":"ENGINE_REPAIR","productid":"62994","starred":""},{"id":62988,"productname":"985BH85-1","plant_name":"42547","description":"BH85-1 Dump Truck","productid":"62988","starred":""},{"id":62990,"productname":"985EQ85-2","plant_name":"42547","description":"85 Ton Dumper","productid":"62990","starred":""},{"id":62936,"productname":"STO222","plant_name":"42547","description":"Stock Transport Material","productid":"62936","starred":""},{"id":62885,"productname":"TEST STO1","plant_name":"42547","description":"test mat","productid":"62885","starred":""},{"id":62886,"productname":"TEST STO10","plant_name":"42547","description":"Test sto equip","productid":"62886","starred":""},{"id":62887,"productname":"TEST STO2","plant_name":"42547","description":"test sto","productid":"62887","starred":""},{"id":62884,"productname":"TEST STO","plant_name":"42547","description":"Dozer1","productid":"62884","starred":""},{"id":62873,"productname":"ELECTRICAL_SYSTEM","plant_name":"42547","description":"ELECTRICAL_SYSTEM","productid":"62873","starred":""},{"id":62867,"productname":"FA1001","plant_name":"42547","description":"Fuel pump assembly","productid":"62867","starred":""},{"id":62591,"productname":"FI TEST","plant_name":"42547","description":"Test Material for FI Demo","productid":"62591","starred":""},{"id":62582,"productname":"CLT6061 BH50M","plant_name":"42547","description":"CLT 6063 Transmission","productid":"62582","starred":""},{"id":62583,"productname":"CLT6063 BH50M","plant_name":"42547","description":"CLT 6063 Transmission","productid":"62583","starred":""},{"id":62514,"productname":"DOZ001","plant_name":"42547","description":"Dozer DOZ001","productid":"62514","starred":""},{"id":62515,"productname":"DOZ001_NEW","plant_name":"42547","description":"new_exit","productid":"62515","starred":""},{"id":62458,"productname":"MAT-BELOW-SF-STOCK","plant_name":"42547","description":"Test material for stock below safety stk","productid":"62458","starred":""},{"id":62459,"productname":"MAT-ABV-MAX-STOCK","plant_name":"42547","description":"Test material for stock above max level","productid":"62459","starred":""},{"id":62439,"productname":"GYS HP","plant_name":"42547","description":"test material1 gys h&p","productid":"62439","starred":""},{"id":62383,"productname":"000000000000134242","plant_name":"42547","description":"Dozer DOZ001","productid":"62383","starred":""},{"id":62159,"productname":"000000201109191943","plant_name":"42547","description":"Testing","productid":"62159","starred":""},{"id":62000,"productname":"TYRE_MGMT","plant_name":"42547","description":"Tyre Management - Contract","productid":"62000","starred":""},{"id":61786,"productname":"BEMLFERT15","plant_name":"42547","description":"Fert material 15","productid":"61786","starred":""},{"id":61723,"productname":"950BH50M","plant_name":"42547","description":"BH50 DUMP TRUCK","productid":"61723","starred":""},{"id":61556,"productname":"67_SUB","plant_name":"42547","description":"SUB","productid":"61556","starred":""},{"id":61557,"productname":"67_SUB1","plant_name":"42547","description":"SUB1","productid":"61557","starred":""},{"id":61513,"productname":"BH50M","plant_name":"42547","description":"REAR DUMPER","productid":"61513","starred":""},{"id":61514,"productname":"BH50M_RED","plant_name":"42547","description":"REAR DUMPER_GYS_RED","productid":"61514","starred":""},{"id":61515,"productname":"BH50M_RED1","plant_name":"42547","description":"REAR DUMPER_GYS_RED","productid":"61515","starred":""},{"id":61393,"productname":"B1001","plant_name":"42547","description":"BEML bearing","productid":"61393","starred":""},{"id":61363,"productname":"ARB200","plant_name":"42547","description":"sas","productid":"61363","starred":""},{"id":61177,"productname":"000000001953000412","plant_name":"42547","description":"TRACK ROLLER ASSEMBLY","productid":"61177","starred":""},{"id":61152,"productname":"000000001753201707","plant_name":"42547","description":"SHOE ASSY","productid":"61152","starred":""},{"id":61151,"productname":"000000001753201706","plant_name":"42547","description":"TRACK SHOE ASSY","productid":"61151","starred":""},{"id":61145,"productname":"000000001753201701","plant_name":"42547","description":"Track Shoe Assembly","productid":"61145","starred":""},{"id":61144,"productname":"000000001753201700","plant_name":"42547","description":"TRACK SHOE ASSEMBLY","productid":"61144","starred":""},{"id":61117,"productname":"000000001456890120","plant_name":"42547","description":"Hydraulic Spares for Exports","productid":"61117","starred":""},{"id":61031,"productname":"000000000789456123","plant_name":"42547","description":"Spares used in the Oil Industry","productid":"61031","starred":""},{"id":61038,"productname":"000000000000000067","plant_name":"42547","description":"HEADER","productid":"61038","starred":""},{"id":61040,"productname":"000000000000000125","plant_name":"42547","description":"BD155 DOZER","productid":"61040","starred":""},{"id":60898,"productname":"000000200600050000","plant_name":"42547","description":"PUMP ASSEMBLY","productid":"60898","starred":""}]