[{"id":"38x198840","equip_model":"BD65-1","equipment_sl_no":"BD65-1-B10233","equi_desc":"BD65-1 DOZER","equip_category":"S","equip_war_terms":"C&M EQPT - 3000 Hrs OR 1 Year","eq_last_hmr":"940","eq_last_km_run":"","functional_loc":"SHRI BHAGWAN PROJECT LTD,TATA STEEL LTD","functional_loc_idofreference":"45x94992","functional_loc_Label":"SHRI BHAGWAN PROJECT LTD,TATA STEEL LTD","account_id":"Shri Bhagwan Projects Pvt. Ltd.,","account_id_idofreference":"11x143298","account_id_Label":"Shri Bhagwan Projects Pvt. Ltd.,","eq_run_war_st":"Outside Warranty","equipmentid":"198840","starred":""},{"id":"38x110710","equip_model":"BD155","equipment_sl_no":"BD155-P13660","equi_desc":"BD155 Dozer","equip_category":"S","equip_war_terms":"C&M EQPT - 2000 Hrs OR 1 Year","eq_last_hmr":"3001","eq_last_km_run":"","functional_loc":"GUJARAT SIDHEE CEMENT LTD,SIDHEEGRAM","functional_loc_idofreference":"45x94991","functional_loc_Label":"GUJARAT SIDHEE CEMENT LTD,SIDHEEGRAM","account_id":"Gujarat Sidhee Cement Limited","account_id_idofreference":"11x143473","account_id_Label":"Gujarat Sidhee Cement Limited","eq_run_war_st":"Outside Warranty","equipmentid":"110710","starred":"0"},{"id":"38x193564","equip_model":"BD50","equipment_sl_no":"BD50-G14230","equi_desc":"BD50 DOZER 1\/1","equip_category":"S","equip_war_terms":"C&M EQPT - 2500 Hrs OR 1 Year","eq_last_hmr":"3001","eq_last_km_run":"","functional_loc":"MUNICIPAL CORPORATION- RAJAMAHENDRAVARAM","functional_loc_idofreference":"45x95008","functional_loc_Label":"MUNICIPAL CORPORATION- RAJAMAHENDRAVARAM","account_id":"Municipal Corporation","account_id_idofreference":"11x143681","account_id_Label":"Municipal Corporation","eq_run_war_st":"Outside Warranty","equipmentid":"193564","starred":"0"},{"id":"38x229172","equip_model":"BE220G","equipment_sl_no":"BE220G-17032","equi_desc":"BE220G - EXCAVATOR 4\/9","equip_category":"S","equip_war_terms":"C&M EQPT - 1800 Hrs OR 24 Months","eq_last_hmr":"51","eq_last_km_run":"","functional_loc":"ENRG PLANT UNIT (EPU), NAGROTA, J &amp; K","functional_loc_idofreference":"45x95013","functional_loc_Label":"ENRG PLANT UNIT (EPU), NAGROTA, J &amp; K","account_id":"INTEGRATED HQ OF MoD (ARMY)","account_id_idofreference":"11x136086","account_id_Label":"INTEGRATED HQ OF MoD (ARMY)","eq_run_war_st":"Outside Warranty","equipmentid":"229172","starred":""},{"id":"38x415124","equip_model":"ER8X8L","equipment_sl_no":"TATRA-RSV-5-344","equi_desc":"BEML TATRA 8X8 RSV 5 ROHINI 344 AMC","equip_category":"S","equip_war_terms":"","eq_last_hmr":"0","eq_last_km_run":"","functional_loc":"AIR FORCE STATION GUWAHATI","functional_loc_idofreference":"45x95005","functional_loc_Label":"AIR FORCE STATION GUWAHATI","account_id":"Bharat Electronics Ltd.,","account_id_idofreference":"11x139922","account_id_Label":"Bharat Electronics Ltd.,","eq_run_war_st":"","equipmentid":"415124","starred":""},{"id":"38x415087","equip_model":"ER8X8L","equipment_sl_no":"TATRA-ESV-5-344","equi_desc":"BEML TATRA 8X8 ESV 5 ROHINI 344 AMC","equip_category":"S","equip_war_terms":"","eq_last_hmr":"0","eq_last_km_run":"","functional_loc":"AIR FORCE STATION GUWAHATI","functional_loc_idofreference":"45x95005","functional_loc_Label":"AIR FORCE STATION GUWAHATI","account_id":"Bharat Electronics Ltd.,","account_id_idofreference":"11x139922","account_id_Label":"Bharat Electronics Ltd.,","eq_run_war_st":"","equipmentid":"415087","starred":""},{"id":"38x415050","equip_model":"ER8X8L","equipment_sl_no":"TATRA-DCV-5-344","equi_desc":"BEML TATRA 8X8 DCV 5 ROHINI 344 AMC","equip_category":"S","equip_war_terms":"","eq_last_hmr":"0","eq_last_km_run":"","functional_loc":"AIR FORCE STATION GUWAHATI","functional_loc_idofreference":"45x95005","functional_loc_Label":"AIR FORCE STATION GUWAHATI","account_id":"Bharat Electronics Ltd.,","account_id_idofreference":"11x139922","account_id_Label":"Bharat Electronics Ltd.,","eq_run_war_st":"","equipmentid":"415050","starred":""},{"id":"38x383604","equip_model":"BH60M","equipment_sl_no":"BH60M-60845","equi_desc":"BEML-BH60M-REAR DUMPER","equip_category":"S","equip_war_terms":"C&M EQPT - 1 Year Std Warranty","eq_last_hmr":"251","eq_last_km_run":"","functional_loc":"WCL, PUNI II EXP OCM, BALLARPUR AREA","functional_loc_idofreference":"45x94997","functional_loc_Label":"WCL, PUNI II EXP OCM, BALLARPUR AREA","account_id":"WCL COAL ESTATE, NAGPUR","account_id_idofreference":"11x139203","account_id_Label":"WCL COAL ESTATE, NAGPUR","eq_run_war_st":"Outside Warranty","equipmentid":"383604","starred":""},{"id":"38x383515","equip_model":"BH60M","equipment_sl_no":"BH60M-60843","equi_desc":"BEML-BH60M-REAR DUMPER","equip_category":"S","equip_war_terms":"C&M EQPT - 1 Year Std Warranty","eq_last_hmr":"201","eq_last_km_run":"","functional_loc":"WCL, PUNI II EXP OCM, BALLARPUR AREA","functional_loc_idofreference":"45x94997","functional_loc_Label":"WCL, PUNI II EXP OCM, BALLARPUR AREA","account_id":"WCL COAL ESTATE, NAGPUR","account_id_idofreference":"11x139203","account_id_Label":"WCL COAL ESTATE, NAGPUR","eq_run_war_st":"Outside Warranty","equipmentid":"383515","starred":""},{"id":"38x383382","equip_model":"BH60M","equipment_sl_no":"BH60M-60840","equi_desc":"BEML-BH60M-REAR DUMPER","equip_category":"S","equip_war_terms":"C&M EQPT - 1 Year Std Warranty","eq_last_hmr":"183","eq_last_km_run":"","functional_loc":"WCL, PUNI II EXP OCM, BALLARPUR AREA","functional_loc_idofreference":"45x94997","functional_loc_Label":"WCL, PUNI II EXP OCM, BALLARPUR AREA","account_id":"WCL COAL ESTATE, NAGPUR","account_id_idofreference":"11x139203","account_id_Label":"WCL COAL ESTATE, NAGPUR","eq_run_war_st":"Outside Warranty","equipmentid":"383382","starred":""},{"id":"38x250367","equip_model":"BG605-I","equipment_sl_no":"BG605-I-22736","equi_desc":"MOTOR GRADER INTEGRATED","equip_category":"S","equip_war_terms":"C&M EQPT - 3000 Hrs OR 1 Year","eq_last_hmr":"320","eq_last_km_run":"","functional_loc":"DNS Construction Co.,Mahsana, Gujarat","functional_loc_idofreference":"45x95021","functional_loc_Label":"DNS Construction Co.,Mahsana, Gujarat","account_id":"DNS Construction Co.","account_id_idofreference":"11x143849","account_id_Label":"DNS Construction Co.","eq_run_war_st":"Outside Warranty","equipmentid":"250367","starred":""},{"id":"38x232160","equip_model":"BE300LC","equipment_sl_no":"BE300LC-16125","equi_desc":"BE300LC- HYD-EXCAVATOR-1\/7","equip_category":"S","equip_war_terms":"C&M EQPT - 1 Year Std Warranty","eq_last_hmr":"3054","eq_last_km_run":"","functional_loc":"WCL, PUNI II EXP OCM, BALLARPUR AREA","functional_loc_idofreference":"45x94997","functional_loc_Label":"WCL, PUNI II EXP OCM, BALLARPUR AREA","account_id":"WCL COAL ESTATE, NAGPUR","account_id_idofreference":"11x139203","account_id_Label":"WCL COAL ESTATE, NAGPUR","eq_run_war_st":"Outside Warranty","equipmentid":"232160","starred":""},{"id":"38x229333","equip_model":"BE220G","equipment_sl_no":"BE220G-17038","equi_desc":"BE220G - EXCAVATOR 9\/9","equip_category":"S","equip_war_terms":"C&M EQPT - 1800 Hrs OR 24 Months","eq_last_hmr":"34","eq_last_km_run":"","functional_loc":"ENRG PLANT UNIT (EPU), NAGROTA, J &amp; K","functional_loc_idofreference":"45x95013","functional_loc_Label":"ENRG PLANT UNIT (EPU), NAGROTA, J &amp; K","account_id":"INTEGRATED HQ OF MoD (ARMY)","account_id_idofreference":"11x136086","account_id_Label":"INTEGRATED HQ OF MoD (ARMY)","eq_run_war_st":"Outside Warranty","equipmentid":"229333","starred":""},{"id":"38x229279","equip_model":"BE220G","equipment_sl_no":"BE220G-17036","equi_desc":"BE220G - EXCAVATOR 7\/9","equip_category":"S","equip_war_terms":"C&M EQPT - 1800 Hrs OR 24 Months","eq_last_hmr":"99","eq_last_km_run":"","functional_loc":"ENRG PLANT UNIT (EPU), NAGROTA, J &amp; K","functional_loc_idofreference":"45x95013","functional_loc_Label":"ENRG PLANT UNIT (EPU), NAGROTA, J &amp; K","account_id":"INTEGRATED HQ OF MoD (ARMY)","account_id_idofreference":"11x136086","account_id_Label":"INTEGRATED HQ OF MoD (ARMY)","eq_run_war_st":"Outside Warranty","equipmentid":"229279","starred":""},{"id":"38x209580","equip_model":"BD80","equipment_sl_no":"BD80-G15592","equi_desc":"BD80 DOZER 20\/27","equip_category":"S","equip_war_terms":"C&M EQPT - 1800 Hrs OR 12 Months","eq_last_hmr":"9","eq_last_km_run":"","functional_loc":"OC, 51 RCC, GREF, SHAKTI ,LEH","functional_loc_idofreference":"45x95029","functional_loc_Label":"OC, 51 RCC, GREF, SHAKTI ,LEH","account_id":"DGBR, New Delhi","account_id_idofreference":"11x136006","account_id_Label":"DGBR, New Delhi","eq_run_war_st":"Outside Warranty","equipmentid":"209580","starred":""},{"id":"38x200133","equip_model":"BD65-1","equipment_sl_no":"BD65-1-B10299","equi_desc":"BD65 DOZER 1\/1","equip_category":"S","equip_war_terms":"C&M EQPT - 3000 Hrs OR 1 Year","eq_last_hmr":"17","eq_last_km_run":"","functional_loc":"PATEL ENGINEERING LTD, KIRU HYDRO ELECTR","functional_loc_idofreference":"45x95010","functional_loc_Label":"PATEL ENGINEERING LTD, KIRU HYDRO ELECTR","account_id":"Patel Engineering Ltd","account_id_idofreference":"11x143723","account_id_Label":"Patel Engineering Ltd","eq_run_war_st":"Outside Warranty","equipmentid":"200133","starred":""},{"id":"38x194157","equip_model":"BD50","equipment_sl_no":"BD50-G14265","equi_desc":"BD50 DOZER 11\/16","equip_category":"S","equip_war_terms":"C&M EQPT - 2000 Hrs OR 18 Months","eq_last_hmr":"11","eq_last_km_run":"","functional_loc":"ASST EXECUTIVE ENGINEER (AE),KOVILPATTI","functional_loc_idofreference":"45x95018","functional_loc_Label":"ASST EXECUTIVE ENGINEER (AE),KOVILPATTI","account_id":"Agricultural Engineering Department","account_id_idofreference":"11x143659","account_id_Label":"Agricultural Engineering Department","eq_run_war_st":"Outside Warranty","equipmentid":"194157","starred":""},{"id":"38x194106","equip_model":"BD50","equipment_sl_no":"BD50-G14262","equi_desc":"BD50 DOZER 18\/18","equip_category":"S","equip_war_terms":"C&M EQPT - 1800 Hrs OR 12 Months","eq_last_hmr":"789252","eq_last_km_run":"","functional_loc":"DGBR, 51 RCC, KARGIL","functional_loc_idofreference":"45x95026","functional_loc_Label":"DGBR, 51 RCC, KARGIL","account_id":"DGBR, New Delhi","account_id_idofreference":"11x136006","account_id_Label":"DGBR, New Delhi","eq_run_war_st":"Outside Warranty","equipmentid":"194106","starred":""}]